Input,Response
초보자를 위한 상체 운동 루틴 알려줘.,"초보자를 위한 상체 루틴으로는 푸시업, 덤벨 컬, 숄더 프레스가 좋습니다."
복부를 타겟으로 하는 운동 알려줘.,"복부 운동으로는 크런치, 레그 레이즈, 플랭크 등이 효과적입니다."
3분 정도로 할 수 있는 스트레칭 동작을 추천해줘.,"3분 스트레칭으로는 허리 돌리기, 목 스트레칭, 가벼운 다리 스트레칭을 추천해요."
허리 통증을 완화할 수 있는 운동 방법 알려줘.,허리 통증 완화에는 켓 카우 스트레칭과 브릿지가 효과적입니다.
체중 감량을 위한 하루 루틴을 알려줘.,"체중 감량을 위해서는 아침 유산소, 저녁 상체 및 하체 루틴을 병행하세요."
유연성 향상에 좋은 요가 자세가 있니?,유연성 향상에 좋은 요가 자세는 다운독과 코브라 포즈입니다.
하루에 몇 리터의 물을 마시는 게 좋을까?,성인은 하루에 약 2리터의 물을 마시는 것이 권장됩니다.
하체 근력 운동 루틴 좀 알려줘.,"하체 근력 운동으로는 스쿼트, 런지, 레그 프레스가 있습니다."
어깨를 넓게 만들어주는 운동이 있을까?,어깨 넓히기에는 숄더 프레스와 업라이트 로우가 효과적입니다.
근육 회복을 돕는 음식을 추천해줘.,"근육 회복을 돕는 음식으로는 계란, 닭가슴살, 고구마 등이 있습니다."
초보자를 위한 상체 운동 루틴 알려줘.,"초보자를 위한 상체 루틴으로는 푸시업, 덤벨 컬, 숄더 프레스가 좋습니다."
복부를 타겟으로 하는 운동 알려줘.,"복부 운동으로는 크런치, 레그 레이즈, 플랭크 등이 효과적입니다."
3분 정도로 할 수 있는 스트레칭 동작을 추천해줘.,"3분 스트레칭으로는 허리 돌리기, 목 스트레칭, 가벼운 다리 스트레칭을 추천해요."
허리 통증을 완화할 수 있는 운동 방법 알려줘.,허리 통증 완화에는 켓 카우 스트레칭과 브릿지가 효과적입니다.
체중 감량을 위한 하루 루틴을 알려줘.,"체중 감량을 위해서는 아침 유산소, 저녁 상체 및 하체 루틴을 병행하세요."
유연성 향상에 좋은 요가 자세가 있니?,유연성 향상에 좋은 요가 자세는 다운독과 코브라 포즈입니다.
하루에 몇 리터의 물을 마시는 게 좋을까?,성인은 하루에 약 2리터의 물을 마시는 것이 권장됩니다.
하체 근력 운동 루틴 좀 알려줘.,"하체 근력 운동으로는 스쿼트, 런지, 레그 프레스가 있습니다."
어깨를 넓게 만들어주는 운동이 있을까?,어깨 넓히기에는 숄더 프레스와 업라이트 로우가 효과적입니다.
근육 회복을 돕는 음식을 추천해줘.,"근육 회복을 돕는 음식으로는 계란, 닭가슴살, 고구마 등이 있습니다."
초보자를 위한 상체 운동 루틴 알려줘.,"초보자를 위한 상체 루틴으로는 푸시업, 덤벨 컬, 숄더 프레스가 좋습니다."
복부를 타겟으로 하는 운동 알려줘.,"복부 운동으로는 크런치, 레그 레이즈, 플랭크 등이 효과적입니다."
3분 정도로 할 수 있는 스트레칭 동작을 추천해줘.,"3분 스트레칭으로는 허리 돌리기, 목 스트레칭, 가벼운 다리 스트레칭을 추천해요."
허리 통증을 완화할 수 있는 운동 방법 알려줘.,허리 통증 완화에는 켓 카우 스트레칭과 브릿지가 효과적입니다.
체중 감량을 위한 하루 루틴을 알려줘.,"체중 감량을 위해서는 아침 유산소, 저녁 상체 및 하체 루틴을 병행하세요."
유연성 향상에 좋은 요가 자세가 있니?,유연성 향상에 좋은 요가 자세는 다운독과 코브라 포즈입니다.
하루에 몇 리터의 물을 마시는 게 좋을까?,성인은 하루에 약 2리터의 물을 마시는 것이 권장됩니다.
하체 근력 운동 루틴 좀 알려줘.,"하체 근력 운동으로는 스쿼트, 런지, 레그 프레스가 있습니다."
어깨를 넓게 만들어주는 운동이 있을까?,어깨 넓히기에는 숄더 프레스와 업라이트 로우가 효과적입니다.
근육 회복을 돕는 음식을 추천해줘.,"근육 회복을 돕는 음식으로는 계란, 닭가슴살, 고구마 등이 있습니다."
초보자를 위한 상체 운동 루틴 알려줘.,"초보자를 위한 상체 루틴으로는 푸시업, 덤벨 컬, 숄더 프레스가 좋습니다."
복부를 타겟으로 하는 운동 알려줘.,"복부 운동으로는 크런치, 레그 레이즈, 플랭크 등이 효과적입니다."
3분 정도로 할 수 있는 스트레칭 동작을 추천해줘.,"3분 스트레칭으로는 허리 돌리기, 목 스트레칭, 가벼운 다리 스트레칭을 추천해요."
허리 통증을 완화할 수 있는 운동 방법 알려줘.,허리 통증 완화에는 켓 카우 스트레칭과 브릿지가 효과적입니다.
체중 감량을 위한 하루 루틴을 알려줘.,"체중 감량을 위해서는 아침 유산소, 저녁 상체 및 하체 루틴을 병행하세요."
유연성 향상에 좋은 요가 자세가 있니?,유연성 향상에 좋은 요가 자세는 다운독과 코브라 포즈입니다.
하루에 몇 리터의 물을 마시는 게 좋을까?,성인은 하루에 약 2리터의 물을 마시는 것이 권장됩니다.
하체 근력 운동 루틴 좀 알려줘.,"하체 근력 운동으로는 스쿼트, 런지, 레그 프레스가 있습니다."
어깨를 넓게 만들어주는 운동이 있을까?,어깨 넓히기에는 숄더 프레스와 업라이트 로우가 효과적입니다.
근육 회복을 돕는 음식을 추천해줘.,"근육 회복을 돕는 음식으로는 계란, 닭가슴살, 고구마 등이 있습니다."
초보자를 위한 상체 운동 루틴 알려줘.,"초보자를 위한 상체 루틴으로는 푸시업, 덤벨 컬, 숄더 프레스가 좋습니다."
복부를 타겟으로 하는 운동 알려줘.,"복부 운동으로는 크런치, 레그 레이즈, 플랭크 등이 효과적입니다."
3분 정도로 할 수 있는 스트레칭 동작을 추천해줘.,"3분 스트레칭으로는 허리 돌리기, 목 스트레칭, 가벼운 다리 스트레칭을 추천해요."
허리 통증을 완화할 수 있는 운동 방법 알려줘.,허리 통증 완화에는 켓 카우 스트레칭과 브릿지가 효과적입니다.
체중 감량을 위한 하루 루틴을 알려줘.,"체중 감량을 위해서는 아침 유산소, 저녁 상체 및 하체 루틴을 병행하세요."
유연성 향상에 좋은 요가 자세가 있니?,유연성 향상에 좋은 요가 자세는 다운독과 코브라 포즈입니다.
하루에 몇 리터의 물을 마시는 게 좋을까?,성인은 하루에 약 2리터의 물을 마시는 것이 권장됩니다.
하체 근력 운동 루틴 좀 알려줘.,"하체 근력 운동으로는 스쿼트, 런지, 레그 프레스가 있습니다."
어깨를 넓게 만들어주는 운동이 있을까?,어깨 넓히기에는 숄더 프레스와 업라이트 로우가 효과적입니다.
근육 회복을 돕는 음식을 추천해줘.,"근육 회복을 돕는 음식으로는 계란, 닭가슴살, 고구마 등이 있습니다."
초보자를 위한 상체 운동 루틴 알려줘.,"초보자를 위한 상체 루틴으로는 푸시업, 덤벨 컬, 숄더 프레스가 좋습니다."
복부를 타겟으로 하는 운동 알려줘.,"복부 운동으로는 크런치, 레그 레이즈, 플랭크 등이 효과적입니다."
3분 정도로 할 수 있는 스트레칭 동작을 추천해줘.,"3분 스트레칭으로는 허리 돌리기, 목 스트레칭, 가벼운 다리 스트레칭을 추천해요."
허리 통증을 완화할 수 있는 운동 방법 알려줘.,허리 통증 완화에는 켓 카우 스트레칭과 브릿지가 효과적입니다.
체중 감량을 위한 하루 루틴을 알려줘.,"체중 감량을 위해서는 아침 유산소, 저녁 상체 및 하체 루틴을 병행하세요."
유연성 향상에 좋은 요가 자세가 있니?,유연성 향상에 좋은 요가 자세는 다운독과 코브라 포즈입니다.
하루에 몇 리터의 물을 마시는 게 좋을까?,성인은 하루에 약 2리터의 물을 마시는 것이 권장됩니다.
하체 근력 운동 루틴 좀 알려줘.,"하체 근력 운동으로는 스쿼트, 런지, 레그 프레스가 있습니다."
어깨를 넓게 만들어주는 운동이 있을까?,어깨 넓히기에는 숄더 프레스와 업라이트 로우가 효과적입니다.
근육 회복을 돕는 음식을 추천해줘.,"근육 회복을 돕는 음식으로는 계란, 닭가슴살, 고구마 등이 있습니다."
초보자를 위한 상체 운동 루틴 알려줘.,"초보자를 위한 상체 루틴으로는 푸시업, 덤벨 컬, 숄더 프레스가 좋습니다."
복부를 타겟으로 하는 운동 알려줘.,"복부 운동으로는 크런치, 레그 레이즈, 플랭크 등이 효과적입니다."
3분 정도로 할 수 있는 스트레칭 동작을 추천해줘.,"3분 스트레칭으로는 허리 돌리기, 목 스트레칭, 가벼운 다리 스트레칭을 추천해요."
허리 통증을 완화할 수 있는 운동 방법 알려줘.,허리 통증 완화에는 켓 카우 스트레칭과 브릿지가 효과적입니다.
체중 감량을 위한 하루 루틴을 알려줘.,"체중 감량을 위해서는 아침 유산소, 저녁 상체 및 하체 루틴을 병행하세요."
유연성 향상에 좋은 요가 자세가 있니?,유연성 향상에 좋은 요가 자세는 다운독과 코브라 포즈입니다.
하루에 몇 리터의 물을 마시는 게 좋을까?,성인은 하루에 약 2리터의 물을 마시는 것이 권장됩니다.
하체 근력 운동 루틴 좀 알려줘.,"하체 근력 운동으로는 스쿼트, 런지, 레그 프레스가 있습니다."
어깨를 넓게 만들어주는 운동이 있을까?,어깨 넓히기에는 숄더 프레스와 업라이트 로우가 효과적입니다.
근육 회복을 돕는 음식을 추천해줘.,"근육 회복을 돕는 음식으로는 계란, 닭가슴살, 고구마 등이 있습니다."
초보자를 위한 상체 운동 루틴 알려줘.,"초보자를 위한 상체 루틴으로는 푸시업, 덤벨 컬, 숄더 프레스가 좋습니다."
복부를 타겟으로 하는 운동 알려줘.,"복부 운동으로는 크런치, 레그 레이즈, 플랭크 등이 효과적입니다."
3분 정도로 할 수 있는 스트레칭 동작을 추천해줘.,"3분 스트레칭으로는 허리 돌리기, 목 스트레칭, 가벼운 다리 스트레칭을 추천해요."
허리 통증을 완화할 수 있는 운동 방법 알려줘.,허리 통증 완화에는 켓 카우 스트레칭과 브릿지가 효과적입니다.
체중 감량을 위한 하루 루틴을 알려줘.,"체중 감량을 위해서는 아침 유산소, 저녁 상체 및 하체 루틴을 병행하세요."
유연성 향상에 좋은 요가 자세가 있니?,유연성 향상에 좋은 요가 자세는 다운독과 코브라 포즈입니다.
하루에 몇 리터의 물을 마시는 게 좋을까?,성인은 하루에 약 2리터의 물을 마시는 것이 권장됩니다.
하체 근력 운동 루틴 좀 알려줘.,"하체 근력 운동으로는 스쿼트, 런지, 레그 프레스가 있습니다."
어깨를 넓게 만들어주는 운동이 있을까?,어깨 넓히기에는 숄더 프레스와 업라이트 로우가 효과적입니다.
근육 회복을 돕는 음식을 추천해줘.,"근육 회복을 돕는 음식으로는 계란, 닭가슴살, 고구마 등이 있습니다."
초보자를 위한 상체 운동 루틴 알려줘.,"초보자를 위한 상체 루틴으로는 푸시업, 덤벨 컬, 숄더 프레스가 좋습니다."
복부를 타겟으로 하는 운동 알려줘.,"복부 운동으로는 크런치, 레그 레이즈, 플랭크 등이 효과적입니다."
3분 정도로 할 수 있는 스트레칭 동작을 추천해줘.,"3분 스트레칭으로는 허리 돌리기, 목 스트레칭, 가벼운 다리 스트레칭을 추천해요."
허리 통증을 완화할 수 있는 운동 방법 알려줘.,허리 통증 완화에는 켓 카우 스트레칭과 브릿지가 효과적입니다.
체중 감량을 위한 하루 루틴을 알려줘.,"체중 감량을 위해서는 아침 유산소, 저녁 상체 및 하체 루틴을 병행하세요."
유연성 향상에 좋은 요가 자세가 있니?,유연성 향상에 좋은 요가 자세는 다운독과 코브라 포즈입니다.
하루에 몇 리터의 물을 마시는 게 좋을까?,성인은 하루에 약 2리터의 물을 마시는 것이 권장됩니다.
하체 근력 운동 루틴 좀 알려줘.,"하체 근력 운동으로는 스쿼트, 런지, 레그 프레스가 있습니다."
어깨를 넓게 만들어주는 운동이 있을까?,어깨 넓히기에는 숄더 프레스와 업라이트 로우가 효과적입니다.
근육 회복을 돕는 음식을 추천해줘.,"근육 회복을 돕는 음식으로는 계란, 닭가슴살, 고구마 등이 있습니다."
초보자를 위한 상체 운동 루틴 알려줘.,"초보자를 위한 상체 루틴으로는 푸시업, 덤벨 컬, 숄더 프레스가 좋습니다."
복부를 타겟으로 하는 운동 알려줘.,"복부 운동으로는 크런치, 레그 레이즈, 플랭크 등이 효과적입니다."
3분 정도로 할 수 있는 스트레칭 동작을 추천해줘.,"3분 스트레칭으로는 허리 돌리기, 목 스트레칭, 가벼운 다리 스트레칭을 추천해요."
허리 통증을 완화할 수 있는 운동 방법 알려줘.,허리 통증 완화에는 켓 카우 스트레칭과 브릿지가 효과적입니다.
체중 감량을 위한 하루 루틴을 알려줘.,"체중 감량을 위해서는 아침 유산소, 저녁 상체 및 하체 루틴을 병행하세요."
유연성 향상에 좋은 요가 자세가 있니?,유연성 향상에 좋은 요가 자세는 다운독과 코브라 포즈입니다.
하루에 몇 리터의 물을 마시는 게 좋을까?,성인은 하루에 약 2리터의 물을 마시는 것이 권장됩니다.
하체 근력 운동 루틴 좀 알려줘.,"하체 근력 운동으로는 스쿼트, 런지, 레그 프레스가 있습니다."
어깨를 넓게 만들어주는 운동이 있을까?,어깨 넓히기에는 숄더 프레스와 업라이트 로우가 효과적입니다.
근육 회복을 돕는 음식을 추천해줘.,"근육 회복을 돕는 음식으로는 계란, 닭가슴살, 고구마 등이 있습니다."
